-- Insert sample authors
INSERT INTO authors (id, name) VALUES 
(1, '村上春樹'),
(2, '東野圭吾'),
(3, '湊かなえ'),
(4, 'J.K.ローリング'),
(5, 'スティーブン・キング'),
(6, '宮部みゆき'),
(7, '有川浩'),
(8, '森見登美彦'),
(9, '川上 未映子');

-- Insert sample publishers
INSERT INTO publishers (id, name) VALUES
(1, '講談社'),
(2, '新潮社'),
(3, '文藝春秋'),
(4, '角川書店'),
(5, 'ハヤカワ書房'),
(6, '集英社'),
(7, '小学館'),
(8, '岩波書店');

-- Insert sample books
INSERT INTO books (isbn, title, publisher_id) VALUES
('9784101001616', 'ノルウェイの森', 1),
('9784334743345', '容疑者Xの献身', 2),
('9784334926209', '告白', 3),
('9784915512377', 'ハリー・ポッターと賢者の石', 4),
('9784102451014', 'シャイニング', 5),
('9784101369228', '模倣犯', 6),
('9784044271039', '図書館戦争', 4),
('9784101290317', '夜は短し歩けよ乙女', 6),
('9784101001593', '海辺のカフカ', 1),
('9784334743352', '白夜行', 2),
('9784101234567', 'プログラミング入門', 8),
('9784102345678', 'みみずくは黄昏に飛びたつ', 2);

-- Insert book authors relationships
INSERT INTO book_authors (book_isbn, author_id) VALUES
('9784101001616', 1),
('9784334743345', 2),
('9784334926209', 3),
('9784915512377', 4),
('9784102451014', 5),
('9784101369228', 6),
('9784044271039', 7),
('9784101290317', 8),
('9784101001593', 1),
('9784334743352', 2),
-- 複数著者の例
('9784102345678', 1),
('9784102345678', 9);

-- Insert sample book items
INSERT INTO book_items (id, isbn, status) VALUES
-- ノルウェイの森 (2冊)
(1, '9784101001616', 1), -- AVAILABLE
(2, '9784101001616', 2), -- LENT
-- 容疑者Xの献身 (3冊)
(3, '9784334743345', 1), -- AVAILABLE
(4, '9784334743345', 1), -- AVAILABLE
(5, '9784334743345', 3), -- RESERVED
-- 告白 (2冊)
(6, '9784334926209', 1), -- AVAILABLE
(7, '9784334926209', 4), -- UNDER_REPAIR
-- ハリー・ポッター (3冊)
(8, '9784915512377', 1), -- AVAILABLE
(9, '9784915512377', 2), -- LENT
(10, '9784915512377', 1), -- AVAILABLE
-- シャイニング (1冊)
(11, '9784102451014', 1), -- AVAILABLE
-- 模倣犯 (2冊)
(12, '9784101369228', 1), -- AVAILABLE
(13, '9784101369228', 6), -- DAMAGED
-- 図書館戦争 (2冊)
(14, '9784044271039', 1), -- AVAILABLE
(15, '9784044271039', 2), -- LENT
-- 夜は短し歩けよ乙女 (1冊)
(16, '9784101290317', 1), -- AVAILABLE
-- 海辺のカフカ (2冊)
(17, '9784101001593', 1), -- AVAILABLE
(18, '9784101001593', 1), -- AVAILABLE
-- 白夜行 (1冊)
(19, '9784334743352', 1), -- AVAILABLE
-- プログラミング入門 (2冊)
(20, '9784101234567', 1), -- AVAILABLE
(21, '9784101234567', 1), -- AVAILABLE
-- みみずくは黄昏に飛びたつ (1冊)
(22, '9784102345678', 1); -- AVAILABLE

INSERT INTO users (id, name, email, registered_date, status) VALUES
(1, '田中太郎', 'tanaka@example.com', '2023-01-15', 1), -- ACTIVE
(2, '佐藤花子', 'sato@example.com', '2023-02-20', 1), -- ACTIVE
(3, '鈴木一郎', 'suzuki@example.com', '2023-03-10', 1), -- ACTIVE
(4, '高橋美咲', 'takahashi@example.com', '2023-04-05', 2), -- SUSPENDED
(5, '伊藤健太', 'ito@example.com', '2023-05-18', 1), -- ACTIVE
(6, '渡辺真理', 'watanabe@example.com', '2022-12-01', 3), -- EXPIRED
(7, '山田次郎', 'yamada@example.com', '2023-06-22', 1), -- ACTIVE
(8, '中村さくら', 'nakamura@example.com', '2023-07-01', 1); -- ACTIVE

INSERT INTO lendings (id, user_id, book_item_id, lent_date, due_date, returned_date, status) VALUES
-- 現在貸し出し中
(1, 1, 2, '2024-01-10', '2024-01-24', NULL, 1), -- ACTIVE - ノルウェイの森
(2, 3, 9, '2024-01-15', '2024-01-29', NULL, 1), -- ACTIVE - ハリー・ポッター
(3, 5, 15, '2024-01-20', '2024-02-03', NULL, 1), -- ACTIVE - 図書館戦争
-- 延滞中
(4, 2, 5, '2023-12-20', '2024-01-03', NULL, 2), -- OVERDUE - 容疑者Xの献身
-- 返却済み
(5, 1, 1, '2023-11-01', '2023-11-15', '2023-11-12', 3), -- RETURNED
(6, 3, 8, '2023-11-05', '2023-11-19', '2023-11-18', 3), -- RETURNED
(7, 7, 14, '2023-12-01', '2023-12-15', '2023-12-14', 3), -- RETURNED
(8, 8, 17, '2023-12-10', '2023-12-24', '2023-12-22', 3); -- RETURNED

INSERT INTO reservations (id, user_id, book_isbn, reserved_date, expiry_date, status) VALUES
-- 予約待ち
(1, 7, '9784334743345', '2024-01-25', '2024-02-08', 1), -- WAITING - 容疑者Xの献身
(2, 8, '9784101001616', '2024-01-28', '2024-02-11', 1), -- WAITING - ノルウェイの森
-- 取り置き準備完了
(3, 2, '9784044271039', '2024-01-20', '2024-02-03', 2), -- READY - 図書館戦争
-- 貸し出し完了（予約から貸し出しへ移行）
(4, 5, '9784044271039', '2024-01-15', '2024-01-29', 3), -- FULFILLED
-- キャンセル済み
(5, 1, '9784102451014', '2024-01-10', '2024-01-24', 4), -- CANCELLED
-- 期限切れ
(6, 6, '9784334926209', '2023-12-01', '2023-12-15', 5); -- EXPIRED
